{
    "sampleCount":  300,
    "metrics":  {
                    "frame_gpu_span_ms":  {
                                              "samples":  300,
                                              "medianMs":  9.664512,
                                              "p95Ms":  9.806848
                                          },
                    "path_tracer_ms":  {
                                           "samples":  300,
                                           "medianMs":  5.346304,
                                           "p95Ms":  5.664768
                                       },
                    "primary_rays_ms":  {
                                            "samples":  300,
                                            "medianMs":  1.53088,
                                            "p95Ms":  1.544192
                                        },
                    "restir_spatial_0_ms":  {
                                                "samples":  300,
                                                "medianMs":  1.946624,
                                                "p95Ms":  1.980416
                                            },
                    "restir_temporal_ms":  {
                                               "samples":  300,
                                               "medianMs":  1.72544,
                                               "p95Ms":  1.992704
                                           },
                    "dlss_evaluate_ms":  {
                                             "samples":  300,
                                             "medianMs":  3.912704,
                                             "p95Ms":  4.074496
                                         },
                    "cpu_frame_ms":  {
                                         "samples":  300,
                                         "medianMs":  13.8597,
                                         "p95Ms":  14.1603
                                     },
                    "cpu_render_ms":  {
                                          "samples":  300,
                                          "medianMs":  12.09775,
                                          "p95Ms":  12.448
                                      }
                }
}
